"Business Name","Category","Address","Phone","Email"
"MR A/C OF TAMPA LLC","HVAC","Tampa, FL 33605","(813) 433-0200",""
"Tank Air Conditioning & Heating","HVAC","8005 N 40th St, Tampa, FL 33604","(813) 967-9777",""
"REM Air Conditioning of Tampa","HVAC","3212 N 40th St #602, Tampa, FL 33605","(813) 248-5877",""
"Fairway Heating & Cooling LLC","HVAC","10004 E Dr Martin Luther King Jr Blvd, Tampa, FL 33610","(813) 443-9439",""
"John's Air Conditioning & Heating Services LLC","HVAC","1209 Tech Blvd #209, Tampa, FL 33619","(813) 535-5364",""
"One Way Air","HVAC","9633 Palm River Rd, Tampa, FL 33619","(813) 308-0331",""
"Budget Heating & Air Conditioning Inc","HVAC","6217 Anderson Rd, Tampa, FL 33634","(813) 885-7999",""
"Experts Plumbing Services LLC","plumbing","Tampa, FL","(813) 363-9726",""
"The Auto Repair Center","auto repair","7101 N 40th St, Tampa, FL 33604","(813) 443-4730",""
"Greg Bailey Automotive","auto repair","3712 N Florida Ave, Tampa, FL 33602","(813) 229-1265",""
"Carrollwood Auto Repair","auto repair","4125 Gunn Hwy Suite F, Tampa, FL 33618","(813) 265-1499",""
"Tampa Bay's Finest Mobile Mechanic","auto repair","Tampa, FL 33612","(813) 530-6727",""
"Bay Brothers Automotive","auto repair","Tampa, FL","(813) 491-7439",""
"J & M Lawn Service and More LLC","landscaping","Tampa, FL","(813) 401-5988",""
"Chop Chop Landscaping","landscaping","Tampa, FL","(813) 530-2030",""
"Southern Florida Landscaping","landscaping","Tampa, FL","(813) 290-7282",""
"Murphy's Lawn Care","landscaping","Tampa, FL","",""
"America's Lawn Savers","landscaping","Tampa, FL","(813) 910-7202",""
"Medscapes LLC","landscaping","Tampa, FL","(813) 382-5801",""
"All Weather Tree and Landscaping","tree service","12191 W Linebaugh Ave #629, Tampa, FL 33626","(813) 787-8206",""
"Albert & Ellis Landscaping & Tree Service","tree service","100 Ashley Dr S Suite 600, Tampa, FL 33602","(813) 215-1436",""
"Valid Impressions Tree Service LLC","tree service","Tampa, FL","(813) 695-8375",""
"Deep Steam Carpet Cleaning","carpet cleaning","Tampa, FL","(813) 770-1040",""
"Pro Master Restoration and Carpet Cleaning","carpet cleaning","Tampa, FL","(813) 879-7330",""
"SasqWash LLC","pressure washing","Tampa, FL","(813) 406-0556",""
"Tampa Bay Pressure Washing and Sealing Service","pressure washing","12911 N Albany Ave, Tampa, FL 33612","",""
"Pink Flamingo Power Wash","pressure washing","Tampa, FL","(813) 458-0864",""
"Major Maids","cleaning","Tampa, FL","(813) 295-8544",""
"Queens of Clean Maid Service","cleaning","Tampa, FL","(813) 344-3040",""
"Extreme Maids","cleaning","301 W Platt St #16, Tampa, FL 33606","(813) 502-0852",""
"M & G Janitorial Services","cleaning","Tampa, FL","(813) 430-0980",""
"Lightning Bay Electric","electrician","1503 US-301 Suite 03, Tampa, FL","(813) 897-2665",""
"Small Jobs Electric Inc","electrician","Tampa, FL","(813) 303-0052",""
"JDP Electric","electrician","Tampa, FL","(813) 234-4004",""
"Kazar's Electric","electrician","Tampa, FL","(813) 929-9500",""
"Rainier Roofing LLC","roofing","Tampa, FL","(813) 920-9065",""
"Hytz Roofing","roofing","Tampa, FL","(813) 436-0761",""
"TampaExteriors","roofing","Tampa, FL","(813) 659-5426",""
"DIFRIF LLC","painting","Tampa, FL","(813) 797-1314",""
"Above The Rest Painters","painting","Tampa, FL","(813) 810-9703",""
"Lou Phillips Painting Inc","painting","Tampa, FL","(813) 299-1979",""
"Alyah Handyman Services LLC","handyman","Tampa, FL 33612","(813) 810-4481",""
"General Facility Care LLC","handyman","Tampa, FL","(813) 280-5300",""
"The Handyman Company","handyman","5314 N Falkenburg Rd, Tampa, FL 33610","(813) 626-3663",""
"Pestgo Exterminators Inc","pest control","Tampa, FL","(813) 875-3083",""
"All Pro Pest Control","pest control","Tampa, FL","(813) 900-7849",""
"Casa 21 Restaurant Bar & Grill","restaurant","4235 W Waters Ave, Tampa, FL 33614","(813) 886-2272",""
"Taps Restaurant Bar & Lounge","restaurant","Tampa, FL","",""
"Small Giant Bar","bar","Tampa, FL","",""
"Tampa Spa and Nails","nail salon","3018 W Kennedy Blvd, Tampa, FL 33609","(813) 497-8900",""
