"Email Address","Business Name","Category","First Name","Email Subject","Email Body"
"mamazzitalounge@icloud.com","Mamazzita Gastrobar","restaurant","","We built something for Mamazzita Gastrobar — take a look","Hi there,

We pulled Mamazzita Gastrobar's Google listing — your hours, menu, photos, and reviews — and built a full website for your restaurant. It took us about three minutes. We think it came out well.

Here's your preview: https://mamazzita-gastrobar.locosite.io

Nothing to fill out, no designer required. If you want it live with your own domain, it's a one-time $149 setup, then $9/month. That's it. No contracts.

If you'd rather not have it, just reply and we'll take it down.

But it's already built. Might as well take a look.

Claim it here → https://locosite.io/claim/58ad4657-4c79-4c6c-9312-c0f27d9ebe89

— Mike from Locosite
locosite.io

P.S. The preview loads your menu and reviews right now — your ratings are already on there."
"southernbreezebar@gmail.com","Southern Breeze","bar","","We built something for Southern Breeze — take a look","Hi there,

We pulled Southern Breeze's Google listing — your hours, photos, and reviews — and built a full website for your bar. It took us about three minutes. We think it came out well.

Here's your preview: https://southern-breeze.locosite.io

Nothing to fill out, no designer required. If you want it live with your own domain, it's a one-time $149 setup, then $9/month. No contracts.

If you'd rather not have it, just reply and we'll take it down.

But it's already built. Might as well take a look.

Claim it here → https://locosite.io/claim/b332acbb-2269-4ec6-aefd-5761792873eb

— Mike from Locosite
locosite.io

P.S. The preview loads your photos and reviews right now — your ratings are already on there."
"migueloscafebar@gmail.com","Miguelo's Ultra Lounge","bar","","We built something for Miguelo's Ultra Lounge — take a look","Hi there,

We pulled Miguelo's Ultra Lounge's Google listing — your hours, photos, and reviews — and built a full website for your lounge. Three minutes flat. We think it came out well.

Here's your preview: https://miguelo-s-ultra-lounge.locosite.io

Nothing to fill out, no designer required. If you want it live with your own domain, it's a one-time $149 setup, then $9/month. No contracts.

If you'd rather not have it, just reply and we'll take it down.

But it's already built. Might as well take a look.

Claim it here → https://locosite.io/claim/db3c7ecd-adb3-4a01-9973-02c0dccf869c

— Mike from Locosite
locosite.io

P.S. The preview loads your photos and reviews right now — your ratings are already on there."
"orlandoplumbingdrain@outlook.com","Express Orlando Plumbing & Drain Clean","plumbing","","Your Express Orlando Plumbing & Drain Clean website is ready to claim","Hi there,

We pulled Express Orlando Plumbing & Drain Clean's Google listing — your services, service area, phone number, and customer reviews — and built a full website for your plumbing business. It's sitting there right now, unclaimed.

Here's your preview: https://express-orlando-plumbing-drain.locosite.io

Homeowners in Orlando search before they call. A lot of them won't dial a number without a website. This one makes you look established — your reviews, services, and area are already there.

To make it yours: $149 once, then $9/month. No contracts.

Or just look at it. Costs nothing to check.

Claim it here → https://locosite.io/claim/742b068c-bede-4eac-93a2-d2052a632ead

— Mike from Locosite
locosite.io

P.S. Your customer reviews are already loaded — people can see your ratings before they even call."
"jenren75@cfl.rr.com","Bryan Plumbing Inc","plumbing","","Your Bryan Plumbing Inc website is ready to claim","Hi there,

We pulled Bryan Plumbing Inc's Google listing — your services, service area, phone number, and customer reviews — and built a full website for your plumbing business. It's sitting there right now, unclaimed.

Here's your preview: https://bryan-plumbing-inc.locosite.io

Homeowners in Orlando search before they call. A lot of them won't dial a number without a website. This one makes you look established — your reviews, services, and area are all already there.

To make it yours: $149 once, then $9/month. No contracts.

Or just look at it. Costs nothing to check.

Claim it here → https://locosite.io/claim/725654a1-e510-42c4-b08b-14772f0d7c54

— Mike from Locosite
locosite.io

P.S. Your customer reviews are already loaded — people can see your ratings before they even call."
"contact.us@actropicalcontractor.com","AC Tropical Contractor LLC","HVAC","","Your AC Tropical Contractor LLC website is ready to claim","Hi there,

We pulled AC Tropical Contractor LLC's Google listing — your services, service area, phone number, and customer reviews — and built a full website for your HVAC company. It's sitting there right now, unclaimed.

Here's your preview: https://ac-tropical-contractor-llc.locosite.io

Homeowners in Orlando search before they call. A lot of them won't dial a number without a website. This one makes you look established — your reviews, services, and area are all already there.

To make it yours: $149 once, then $9/month. No contracts.

Or just look at it. Costs nothing to check.

Claim it here → https://locosite.io/claim/86b85613-8d53-4f6f-876d-0af94080adfc

— Mike from Locosite
locosite.io

P.S. Your customer reviews are already loaded — people can see your ratings before they even call."
"nationslandscaping1@gmail.com","Nations Landscaping LLC","landscaping","","Your Nations Landscaping LLC website is ready to claim","Hi there,

We pulled Nations Landscaping LLC's Google listing — your services, service area, phone number, and customer reviews — and built a full website for your landscaping business. It's sitting there right now, unclaimed.

Here's your preview: https://nations-landscaping-llc.locosite.io

Homeowners in Orlando search before they call. A lot of them won't dial a number without a website. This one makes you look established — your reviews, services, and area are all already there.

To make it yours: $149 once, then $9/month. No contracts.

Or just look at it. Costs nothing to check.

Claim it here → https://locosite.io/claim/8650e34f-2b2d-41a5-b0a5-73461a82567a

— Mike from Locosite
locosite.io

P.S. Your customer reviews are already loaded — people can see your ratings before they even call."
"orlando@orlandoresidentialpainters.com","Orlando Residential & Commercial Painters","painting","","Your Orlando Residential & Commercial Painters website is ready to claim","Hi there,

We pulled Orlando Residential & Commercial Painters' Google listing — your services, service area, phone number, and customer reviews — and built a full website for your painting business. It's sitting there right now, unclaimed.

Here's your preview: https://orlando-residential-commercial.locosite.io

Homeowners in Orlando search before they call. A lot of them won't dial a number without a website. This one makes you look established — your reviews, services, and area are all already there.

To make it yours: $149 once, then $9/month. No contracts.

Or just look at it. Costs nothing to check.

Claim it here → https://locosite.io/claim/dccd8533-0fed-403a-9987-3be718966d57

— Mike from Locosite
locosite.io

P.S. Your customer reviews are already loaded — people can see your ratings before they even call."
"rnshandymanservices@gmail.com","R&S Handyman Services LLC","handyman","","Your R&S Handyman Services LLC website is ready to claim","Hi there,

We pulled R&S Handyman Services LLC's Google listing — your services, service area, phone number, and customer reviews — and built a full website for your handyman business. It's sitting there right now, unclaimed.

Here's your preview: https://r-s-handyman-services-llc.locosite.io

Homeowners in Orlando search before they call. A lot of them won't dial a number without a website. This one makes you look established — your reviews, services, and area are all already there.

To make it yours: $149 once, then $9/month. No contracts.

Or just look at it. Costs nothing to check.

Claim it here → https://locosite.io/claim/0208c4f2-c25d-48d6-a6ec-4499123e3aec

— Mike from Locosite
locosite.io

P.S. Your customer reviews are already loaded — people can see your ratings before they even call."
"nissan423@yahoo.com","Discount Auto Center & Mufflers Shop","auto repair","","Your Discount Auto Center & Mufflers Shop website is ready to claim","Hi there,

We pulled Discount Auto Center & Mufflers Shop's Google listing — your services, service area, phone number, and customer reviews — and built a full website for your auto shop. It's sitting there right now, unclaimed.

Here's your preview: https://discount-auto-center-mufflers.locosite.io

Customers in Orlando search before they call. A lot of them won't dial a number without a website. This one makes you look established — your reviews, services, and area are all already there.

To make it yours: $149 once, then $9/month. No contracts.

Or just look at it. Costs nothing to check.

Claim it here → https://locosite.io/claim/8cdbb417-47af-437d-9d0a-837e924b652b

— Mike from Locosite
locosite.io

P.S. Your customer reviews are already loaded — people can see your ratings before they even call."
"service@evolutiondeepclean.com","Evolution Deep Clean","carpet cleaning","","Your Evolution Deep Clean website is ready to claim","Hi there,

We pulled Evolution Deep Clean's Google listing — your services, service area, phone number, and customer reviews — and built a full website for your carpet cleaning business. It's sitting there right now, unclaimed.

Here's your preview: https://evolution-deep-clean.locosite.io

Homeowners in Orlando search before they call. A lot of them won't dial a number without a website. This one makes you look established — your reviews, services, and area are all already there.

To make it yours: $149 once, then $9/month. No contracts.

Or just look at it. Costs nothing to check.

Claim it here → https://locosite.io/claim/9267e650-8822-4182-9a2f-f47089b534f7

— Mike from Locosite
locosite.io

P.S. Your customer reviews are already loaded — people can see your ratings before they even call."
"695carpetcleanerinc@gmail.com","695 Carpet Cleaner Inc","carpet cleaning","","Your 695 Carpet Cleaner Inc website is ready to claim","Hi there,

We pulled 695 Carpet Cleaner Inc's Google listing — your services, service area, phone number, and customer reviews — and built a full website for your carpet cleaning business. It's sitting there right now, unclaimed.

Here's your preview: https://695-carpet-cleaner-inc.locosite.io

Homeowners in Orlando search before they call. A lot of them won't dial a number without a website. This one makes you look established — your reviews, services, and area are all already there.

To make it yours: $149 once, then $9/month. No contracts.

Or just look at it. Costs nothing to check.

Claim it here → https://locosite.io/claim/c277da5a-19b7-4fb5-96af-0f3825a74d93

— Mike from Locosite
locosite.io

P.S. Your customer reviews are already loaded — people can see your ratings before they even call."
"James@jungletreeanddebris.com","JUNGLE TREE & DEBRIS Outdoor Services","tree service","James","Your JUNGLE TREE & DEBRIS Outdoor Services website is ready to claim","Hi there,

We pulled JUNGLE TREE & DEBRIS Outdoor Services' Google listing — your services, service area, phone number, and customer reviews — and built a full website for your tree service. It's sitting there right now, unclaimed.

Here's your preview: https://jungle-tree-debris-outdoor-ser.locosite.io

Homeowners in Orlando search before they call. A lot of them won't dial a number without a website. This one makes you look established — your reviews, services, and area are all already there.

To make it yours: $149 once, then $9/month. No contracts.

Or just look at it. Costs nothing to check.

Claim it here → https://locosite.io/claim/3e87da5b-250b-4c9d-b8c4-001e850de68d

— Mike from Locosite
locosite.io

P.S. Your customer reviews are already loaded — people can see your ratings before they even call."
"mr.prokleanpw@gmail.com","Proklean Pressure Washing LLC","pressure washing","","Your Proklean Pressure Washing LLC website is ready to claim","Hi there,

We pulled Proklean Pressure Washing LLC's Google listing — your services, service area, phone number, and customer reviews — and built a full website for your pressure washing business. It's sitting there right now, unclaimed.

Here's your preview: https://proklean-pressure-washing-llc.locosite.io

Homeowners in Orlando search before they call. A lot of them won't dial a number without a website. This one makes you look established — your reviews, services, and area are all already there.

To make it yours: $149 once, then $9/month. No contracts.

Or just look at it. Costs nothing to check.

Claim it here → https://locosite.io/claim/88f855e6-8d23-4e7b-9854-0eda78a4d8f1

— Mike from Locosite
locosite.io

P.S. Your customer reviews are already loaded — people can see your ratings before they even call."
"osdcleaning@gmail.com","Osceola Sewer and Drain Cleaning","plumbing","","Your Osceola Sewer and Drain Cleaning website is ready to claim","Hi there,

We pulled Osceola Sewer and Drain Cleaning's Google listing — your services, service area, phone number, and customer reviews — and built a full website for your plumbing business. It's sitting there right now, unclaimed.

Here's your preview: https://osceola-sewer-and-drain-cleani.locosite.io

Homeowners in Kissimmee search before they call. A lot of them won't dial a number without a website. This one makes you look established — your reviews, services, and area are all already there.

To make it yours: $149 once, then $9/month. No contracts.

Or just look at it. Costs nothing to check.

Claim it here → https://locosite.io/claim/ba76a560-51c6-4bf8-8ae0-66eb5d2ad596

— Mike from Locosite
locosite.io

P.S. Your customer reviews are already loaded — people can see your ratings before they even call."
"Suma@sumatime.com","SUMATIME ELECTRIC LLC","electrician","Suma","Your SUMATIME ELECTRIC LLC website is ready to claim","Hi there,

We pulled SUMATIME ELECTRIC LLC's Google listing — your services, service area, phone number, and customer reviews — and built a full website for your electrical business. It's sitting there right now, unclaimed.

Here's your preview: https://sumatime-electric-llc.locosite.io

Homeowners in Orlando search before they call. A lot of them won't dial a number without a website. This one makes you look established — your reviews, services, and area are all already there.

To make it yours: $149 once, then $9/month. No contracts.

Or just look at it. Costs nothing to check.

Claim it here → https://locosite.io/claim/a298fb9b-bab4-493e-af6f-5b516e17900f

— Mike from Locosite
locosite.io

P.S. Your customer reviews are already loaded — people can see your ratings before they even call."
